Tax Year,Municipality,Number of Returns,CT Income Tax,Pass-Through Entity Tax (PET) Credit Claimed,Combined CT Income Tax and PET Credit
2015,ANDOVER,1498,5404333.00,,
2015,ANSONIA,8619,15276355.00,,
2015,ASHFORD,2112,5497095.00,,
2015,AVON,8361,85485184.00,,
2015,BARKHAMSTED,1793,5961156.00,,
2015,BEACON FALLS,2820,8329033.00,,
2015,BERLIN,10021,38842493.00,,
2015,BETHANY,2397,13537388.00,,
2015,BETHEL,8657,26778122.00,,
2015,BETHLEHEM,1648,5575338.00,,
2015,BLOOMFIELD,10750,35172834.00,,
2015,BOLTON,2351,10301795.00,,
2015,BOZRAH,1194,3455854.00,,
2015,BRANFORD,14144,58571911.00,,
2015,BRIDGEPORT,59246,59200924.00,,
2015,BRIDGEWATER,783,5616521.00,,
2015,BRISTOL,28518,64129600.00,,
2015,BROOKFIELD,7896,32729473.00,,
2015,BROOKLYN,3350,7924397.00,,
2015,BURLINGTON,4224,24348800.00,,
2015,CANAAN,1732,3468291.00,,
2015,CANTERBURY,2287,5237828.00,,
2015,CANTON,4629,26369747.00,,
2015,CHAPLIN,983,2158328.00,,
2015,CHESHIRE,12241,67954800.00,,
2015,CHESTER,1855,7575384.00,,
2015,CLINTON,6241,23900204.00,,
2015,COLCHESTER,7449,26116776.00,,
2015,COLEBROOK,498,1554511.00,,
2015,COLUMBIA,2613,9267192.00,,
2015,CORNWALL,736,2773654.00,,
2015,COVENTRY,5812,19654251.00,,
2015,CROMWELL,7020,28735102.00,,
2015,DANBURY,35981,71453560.00,,
2015,DARIEN,8261,199806652.00,,
2015,DEEP RIVER,2209,13547950.00,,
2015,DERBY,5896,11448191.00,,
2015,DURHAM,3365,20531535.00,,
2015,EASTFORD,682,1814291.00,,
2015,EAST GRANBY,2472,9896488.00,,
2015,EAST HADDAM,3797,15305704.00,,
2015,EAST HAMPTON,6056,22418555.00,,
2015,EAST HARTFORD,24317,34986675.00,,
2015,EAST HAVEN,13385,30634133.00,,
2015,EAST LYME,8302,34687768.00,,
2015,EASTON,3158,31800534.00,,
2015,EAST WINDSOR,5510,13136116.00,,
2015,ELLINGTON,7509,31746750.00,,
2015,ENFIELD,19695,40634279.00,,
2015,ESSEX,3219,23507026.00,,
2015,FAIRFIELD,24037,200871026.00,,
2015,FARMINGTON,12017,81299784.00,,
2015,FRANKLIN,911,2617736.00,,
2015,GLASTONBURY,15681,112636562.00,,
2015,GOSHEN,1320,6329607.00,,
2015,GRANBY,4976,26255555.00,,
2015,GREENWICH,26471,650278422.00,,
2015,GRISWOLD,5533,11169441.00,,
2015,GROTON,11373,25656481.00,,
2015,GUILFORD,9999,67013872.00,,
2015,HADDAM,3848,17147150.00,,
2015,HAMDEN,25207,75967233.00,,
2015,HAMPTON,1093,2857793.00,,
2015,HARTFORD,48890,51036073.00,,
2015,HARTLAND,816,2671321.00,,
2015,HARWINTON,2488,9840202.00,,
2015,HEBRON,4173,19324454.00,,
2015,KENT,1294,5041993.00,,
2015,KILLINGLY,7741,12277839.00,,
2015,KILLINGWORTH,2813,14962345.00,,
2015,LEBANON,3235,9555307.00,,
2015,LEDYARD,6684,18966430.00,,
2015,LISBON,1671,4410340.00,,
2015,LITCHFIELD,3831,19492047.00,,
2015,LYME,926,9442865.00,,
2015,MADISON,7963,61856832.00,,
2015,MANCHESTER,28179,72050315.00,,
2015,MANSFIELD,5415,23070524.00,,
2015,MARLBOROUGH,2822,14070154.00,,
2015,MERIDEN,27235,50407193.00,,
2015,MIDDLEBURY,3339,21424082.00,,
2015,MIDDLEFIELD,2040,7956353.00,,
2015,MIDDLETOWN,20942,56008120.00,,
2015,MILFORD,25635,118052967.00,,
2015,MONROE,8743,42105708.00,,
2015,MONTVILLE,8319,18585054.00,,
2015,MORRIS,1035,4091300.00,,
2015,NAUGATUCK,14380,29765161.00,,
2015,NEW BRITAIN,31104,36624164.00,,
2015,NEW CANAAN,7962,218726307.00,,
2015,NEW FAIRFIELD,6097,20625961.00,,
2015,NEW HARTFORD,3262,13084321.00,,
2015,NEW HAVEN,48740,89753561.00,,
2015,NEWINGTON,15274,42278963.00,,
2015,NEW LONDON,11150,14208131.00,,
2015,NEW MILFORD,12813,37417012.00,,
2015,NEWTOWN,11621,68645347.00,,
2015,NORFOLK,709,3138751.00,,
2015,NORTH BRANFORD,6867,23407377.00,,
2015,NORTH CANAAN,361,633889.00,,
2015,NORTH HAVEN,11596,44591181.00,,
2015,NORTH STONINGTON,2360,7529450.00,,
2015,NORWALK,41452,149474657.00,,
2015,NORWICH,17587,26506224.00,,
2015,OLD LYME,3645,24035235.00,,
2015,OLD SAYBROOK,4985,23230008.00,,
2015,ORANGE,6502,36027567.00,,
2015,OXFORD,5679,23723023.00,,
2015,PLAINFIELD,6411,10209696.00,,
2015,PLAINVILLE,8721,20660199.00,,
2015,PLYMOUTH,5684,13641566.00,,
2015,POMFRET,1840,6215955.00,,
2015,PORTLAND,4474,17743342.00,,
2015,PRESTON,2110,5543357.00,,
2015,PROSPECT,4465,16267046.00,,
2015,PUTNAM,4010,5867695.00,,
2015,REDDING,3873,38950565.00,,
2015,RIDGEFIELD,10107,112915138.00,,
2015,ROCKY HILL,9653,35811046.00,,
2015,ROXBURY,985,8520971.00,,
2015,SALEM,1877,8167548.00,,
2015,SALISBURY,1618,7457918.00,,
2015,SCOTLAND,332,790791.00,,
2015,SEYMOUR,7777,21948975.00,,
2015,SHARON,1006,9465210.00,,
2015,SHELTON,19144,67798866.00,,
2015,SHERMAN,1601,7818459.00,,
2015,SIMSBURY,10588,81431034.00,,
2015,SOMERS,4328,16559782.00,,
2015,SOUTHBURY,8890,39433542.00,,
2015,SOUTHINGTON,20307,74171095.00,,
2015,SOUTH WINDSOR,12133,53373812.00,,
2015,SPRAGUE,1499,3072378.00,,
2015,STAFFORD,5446,11948350.00,,
2015,STAMFORD,60309,264165119.00,,
2015,STERLING,1438,2489927.00,,
2015,STONINGTON,12536,51729104.00,,
2015,STRATFORD,24976,63238824.00,,
2015,SUFFIELD,6257,27804293.00,,
2015,THOMASTON,3669,9380075.00,,
2015,THOMPSON,4188,5530218.00,,
2015,TOLLAND,6616,31849219.00,,
2015,TORRINGTON,16049,30244437.00,,
2015,TRUMBULL,15631,80399259.00,,
2015,UNION,274,854325.00,,
2015,VERNON,14373,34786609.00,,
2015,VOLUNTOWN,1195,2518580.00,,
2015,WALLINGFORD,21600,70425658.00,,
2015,WARREN,413,1856528.00,,
2015,WASHINGTON,1799,12475157.00,,
2015,WATERBURY,45988,54307818.00,,
2015,WATERFORD,9485,30581837.00,,
2015,WATERTOWN,10415,32521757.00,,
2015,WESTBROOK,3206,12607135.00,,
2015,WEST HARTFORD,28342,174278984.00,,
2015,WEST HAVEN,24306,41420527.00,,
2015,WESTON,4005,66758635.00,,
2015,WESTPORT,11464,218488472.00,,
2015,WETHERSFIELD,13025,45085227.00,,
2015,WILLINGTON,2646,8084864.00,,
2015,WILTON,7374,104403853.00,,
2015,WINCHESTER,4944,9737322.00,,
2015,WINDHAM,9418,12590643.00,,
2015,WINDSOR,14572,38891913.00,,
2015,WINDSOR LOCKS,6396,13589930.00,,
2015,WOLCOTT,7673,22458690.00,,
2015,WOODBRIDGE,4017,44178917.00,,
2015,WOODBURY,4640,22679944.00,,
2015,WOODSTOCK,3581,10673207.00,,
2014,ANDOVER,1495,5319220.00,,
2014,ANSONIA,8447,14032985.00,,
2014,ASHFORD,2056,5458707.00,,
2014,AVON,8350,78664629.00,,
2014,BARKHAMSTED,1765,5544279.00,,
2014,BEACON FALLS,2827,7770931.00,,
2014,BERLIN,9997,36580567.00,,
2014,BETHANY,2415,13232597.00,,
2014,BETHEL,8554,25152444.00,,
2014,BETHLEHEM,1675,5549479.00,,
2014,BLOOMFIELD,10639,34072681.00,,
2014,BOLTON,2339,9863474.00,,
2014,BOZRAH,1192,3393791.00,,
2014,BRANFORD,14073,55936384.00,,
2014,BRIDGEPORT,58401,56416179.00,,
2014,BRIDGEWATER,765,4979155.00,,
2014,BRISTOL,28030,61315014.00,,
2014,BROOKFIELD,7793,31610830.00,,
2014,BROOKLYN,3352,7713738.00,,
2014,BURLINGTON,4239,22031703.00,,
2014,CANAAN,1733,3263775.00,,
2014,CANTERBURY,2312,5024854.00,,
2014,CANTON,4521,24992518.00,,
2014,CHAPLIN,967,2107788.00,,
2014,CHESHIRE,12210,65146826.00,,
2014,CHESTER,1827,7587065.00,,
2014,CLINTON,6189,22247531.00,,
2014,COLCHESTER,7314,24546856.00,,
2014,COLEBROOK,338,1197311.00,,
2014,COLUMBIA,2575,8768360.00,,
2014,CORNWALL,752,3306771.00,,
2014,COVENTRY,5670,18253339.00,,
2014,CROMWELL,6921,27021855.00,,
2014,DANBURY,35481,68757943.00,,
2014,DARIEN,8306,192335456.00,,
2014,DEEP RIVER,2169,9210127.00,,
2014,DERBY,5704,11076210.00,,
2014,DURHAM,3322,18688185.00,,
2014,EASTFORD,697,1782931.00,,
2014,EAST GRANBY,2521,9662857.00,,
2014,EAST HADDAM,3693,14861520.00,,
2014,EAST HAMPTON,5989,22508920.00,,
2014,EAST HARTFORD,24031,33383923.00,,
2014,EAST HAVEN,13219,28427517.00,,
2014,EAST LYME,8153,34744312.00,,
2014,EASTON,3183,33122221.00,,
2014,EAST WINDSOR,5433,12931298.00,,
2014,ELLINGTON,7443,30260989.00,,
2014,ENFIELD,19468,39359880.00,,
2014,ESSEX,3147,20745589.00,,
2014,FAIRFIELD,24004,201169692.00,,
2014,FARMINGTON,11964,80523931.00,,
2014,FRANKLIN,907,2627419.00,,
2014,GLASTONBURY,15557,113769961.00,,
2014,GOSHEN,1345,6918587.00,,
2014,GRANBY,4969,24853187.00,,
2014,GREENWICH,26622,721738052.00,,
2014,GRISWOLD,5453,10500047.00,,
2014,GROTON,11213,24896100.00,,
2014,GUILFORD,9894,68733877.00,,
2014,HADDAM,3838,15819427.00,,
2014,HAMDEN,24998,74673173.00,,
2014,HAMPTON,1053,3177741.00,,
2014,HARTFORD,47872,46056856.00,,
2014,HARTLAND,810,2481032.00,,
2014,HARWINTON,2485,9198275.00,,
2014,HEBRON,4140,18915451.00,,
2014,KENT,1277,4538790.00,,
2014,KILLINGLY,7598,10966064.00,,
2014,KILLINGWORTH,2811,14089735.00,,
2014,LEBANON,3179,9203903.00,,
2014,LEDYARD,6586,19083365.00,,
2014,LISBON,1631,4222804.00,,
2014,LITCHFIELD,3790,16908817.00,,
2014,LYME,938,7031942.00,,
2014,MADISON,7984,59997858.00,,
2014,MANCHESTER,27961,65318457.00,,
2014,MANSFIELD,5449,18397930.00,,
2014,MARLBOROUGH,2844,13472373.00,,
2014,MERIDEN,26881,50209704.00,,
2014,MIDDLEBURY,3383,21039290.00,,
2014,MIDDLEFIELD,2036,7590031.00,,
2014,MIDDLETOWN,20737,54077052.00,,
2014,MILFORD,25595,116711928.00,,
2014,MONROE,8693,42543886.00,,
2014,MONTVILLE,8204,18402686.00,,
2014,MORRIS,1030,3749415.00,,
2014,NAUGATUCK,14239,28842958.00,,
2014,NEW BRITAIN,30428,35738362.00,,
2014,NEW CANAAN,8103,217193006.00,,
2014,NEW FAIRFIELD,6047,20119096.00,,
2014,NEW HARTFORD,3186,12623531.00,,
2014,NEW HAVEN,48156,81878330.00,,
2014,NEWINGTON,15232,40609285.00,,
2014,NEW LONDON,10795,13951484.00,,
2014,NEW MILFORD,12687,35246772.00,,
2014,NEWTOWN,11446,69534772.00,,
2014,NORFOLK,725,2479732.00,,
2014,NORTH BRANFORD,6750,24740444.00,,
2014,NORTH CANAAN,365,636360.00,,
2014,NORTH HAVEN,11563,42335472.00,,
2014,NORTH STONINGTON,2359,7270469.00,,
2014,NORWALK,40771,149373852.00,,
2014,NORWICH,17253,26209636.00,,
2014,OLD LYME,3645,25448999.00,,
2014,OLD SAYBROOK,4963,23063481.00,,
2014,ORANGE,6466,37021167.00,,
2014,OXFORD,5578,22929091.00,,
2014,PLAINFIELD,6409,10094496.00,,
2014,PLAINVILLE,8601,19417770.00,,
2014,PLYMOUTH,5663,12917776.00,,
2014,POMFRET,1838,6154371.00,,
2014,PORTLAND,4413,16414283.00,,
2014,PRESTON,2085,5305969.00,,
2014,PROSPECT,4446,14651421.00,,
2014,PUTNAM,3953,5220775.00,,
2014,REDDING,3965,35896194.00,,
2014,RIDGEFIELD,10079,101548648.00,,
2014,ROCKY HILL,9704,35180477.00,,
2014,ROXBURY,999,7880053.00,,
2014,SALEM,1891,7727025.00,,
2014,SALISBURY,1646,6929884.00,,
2014,SCOTLAND,346,754674.00,,
2014,SEYMOUR,7706,20762505.00,,
2014,SHARON,1029,8724221.00,,
2014,SHELTON,18890,65291424.00,,
2014,SHERMAN,1628,6752179.00,,
2014,SIMSBURY,10515,79850485.00,,
2014,SOMERS,4351,16916613.00,,
2014,SOUTHBURY,8952,39022616.00,,
2014,SOUTHINGTON,20119,70228155.00,,
2014,SOUTH WINDSOR,12076,52552627.00,,
2014,SPRAGUE,1442,2892419.00,,
2014,STAFFORD,5455,11931784.00,,
2014,STAMFORD,59719,308365619.00,,
2014,STERLING,1406,2348555.00,,
2014,STONINGTON,12428,49770731.00,,
2014,STRATFORD,24512,59806234.00,,
2014,SUFFIELD,6159,28120014.00,,
2014,THOMASTON,3619,8862242.00,,
2014,THOMPSON,4142,5113974.00,,
2014,TOLLAND,6579,30769410.00,,
2014,TORRINGTON,15895,28879823.00,,
2014,TRUMBULL,15659,77571991.00,,
2014,UNION,287,951185.00,,
2014,VERNON,14244,34203421.00,,
2014,VOLUNTOWN,1157,2405339.00,,
2014,WALLINGFORD,21445,66993438.00,,
2014,WARREN,400,1699060.00,,
2014,WASHINGTON,1785,14006976.00,,
2014,WATERBURY,45278,51242874.00,,
2014,WATERFORD,9460,30362416.00,,
2014,WATERTOWN,10311,30829969.00,,
2014,WESTBROOK,3217,11927579.00,,
2014,WEST HARTFORD,28107,164424754.00,,
2014,WEST HAVEN,23954,39297710.00,,
2014,WESTON,4072,61810992.00,,
2014,WESTPORT,11477,216319916.00,,
2014,WETHERSFIELD,12947,44021645.00,,
2014,WILLINGTON,2662,7961201.00,,
2014,WILTON,7440,103618053.00,,
2014,WINCHESTER,5090,9746031.00,,
2014,WINDHAM,9263,11762173.00,,
2014,WINDSOR,14438,37828594.00,,
2014,WINDSOR LOCKS,6349,13005291.00,,
2014,WOLCOTT,7564,21601209.00,,
2014,WOODBRIDGE,4113,55433572.00,,
2014,WOODBURY,4528,21289880.00,,
2014,WOODSTOCK,3543,9794381.00,,
2013,ANDOVER,1505,5073858.00,,
2013,ANSONIA,8353,13355920.00,,
2013,ASHFORD,2009,4971720.00,,
2013,AVON,8330,78813288.00,,
2013,BARKHAMSTED,1799,5112541.00,,
2013,BEACON FALLS,2760,7341967.00,,
2013,BERLIN,9794,34282274.00,,
2013,BETHANY,2426,13493338.00,,
2013,BETHEL,8467,24200421.00,,
2013,BETHLEHEM,1660,5507112.00,,
2013,BLOOMFIELD,10476,31555058.00,,
2013,BOLTON,2261,9371529.00,,
2013,BOZRAH,1188,3090105.00,,
2013,BRANFORD,13900,52444195.00,,
2013,BRIDGEPORT,57580,54003743.00,,
2013,BRIDGEWATER,774,4562830.00,,
2013,BRISTOL,27756,58941009.00,,
2013,BROOKFIELD,7628,29937263.00,,
2013,BROOKLYN,3352,7175443.00,,
2013,BURLINGTON,4104,21192987.00,,
2013,CANAAN,1740,3058395.00,,
2013,CANTERBURY,2277,4847871.00,,
2013,CANTON,4590,23832224.00,,
2013,CHAPLIN,987,1948447.00,,
2013,CHESHIRE,12021,61447469.00,,
2013,CHESTER,1756,8068065.00,,
2013,CLINTON,6151,19317089.00,,
2013,COLCHESTER,7215,23441702.00,,
2013,COLEBROOK,346,1222405.00,,
2013,COLUMBIA,2553,8310472.00,,
2013,CORNWALL,721,2542488.00,,
2013,COVENTRY,5645,17878127.00,,
2013,CROMWELL,6859,25363268.00,,
2013,DANBURY,34710,65437507.00,,
2013,DARIEN,8052,163498104.00,,
2013,DEEP RIVER,2117,7717291.00,,
2013,DERBY,5700,10662759.00,,
2013,DURHAM,3285,17807577.00,,
2013,EASTFORD,673,1742814.00,,
2013,EAST GRANBY,2488,9410951.00,,
2013,EAST HADDAM,3652,12757856.00,,
2013,EAST HAMPTON,5964,21145876.00,,
2013,EAST HARTFORD,23433,31909217.00,,
2013,EAST HAVEN,13149,27361293.00,,
2013,EAST LYME,8092,30657830.00,,
2013,EASTON,3158,28346367.00,,
2013,EAST WINDSOR,5416,12418304.00,,
2013,ELLINGTON,7273,26283209.00,,
2013,ENFIELD,19401,37348020.00,,
2013,ESSEX,3132,19279084.00,,
2013,FAIRFIELD,23967,183419529.00,,
2013,FARMINGTON,11776,76224575.00,,
2013,FRANKLIN,871,2531987.00,,
2013,GLASTONBURY,15423,104266709.00,,
2013,GOSHEN,1306,5664893.00,,
2013,GRANBY,4952,23804678.00,,
2013,GREENWICH,26551,642773992.00,,
2013,GRISWOLD,5378,9847277.00,,
2013,GROTON,10947,23456819.00,,
2013,GUILFORD,9790,62867666.00,,
2013,HADDAM,3863,15017104.00,,
2013,HAMDEN,24895,71165946.00,,
2013,HAMPTON,1058,2511713.00,,
2013,HARTFORD,47559,42931306.00,,
2013,HARTLAND,782,2378215.00,,
2013,HARWINTON,2456,8771243.00,,
2013,HEBRON,4112,18078394.00,,
2013,KENT,1275,3687338.00,,
2013,KILLINGLY,7498,10877419.00,,
2013,KILLINGWORTH,2764,13256081.00,,
2013,LEBANON,3143,8598164.00,,
2013,LEDYARD,6655,17754591.00,,
2013,LISBON,1631,3939789.00,,
2013,LITCHFIELD,3771,14893728.00,,
2013,LYME,943,6513275.00,,
2013,MADISON,7811,52856415.00,,
2013,MANCHESTER,27606,62152790.00,,
2013,MANSFIELD,5361,17570762.00,,
2013,MARLBOROUGH,2754,12466975.00,,
2013,MERIDEN,26513,45769891.00,,
2013,MIDDLEBURY,3330,18873739.00,,
2013,MIDDLEFIELD,2037,7060411.00,,
2013,MIDDLETOWN,20489,51669551.00,,
2013,MILFORD,25244,112490176.00,,
2013,MONROE,8564,40319662.00,,
2013,MONTVILLE,8143,17023568.00,,
2013,MORRIS,1038,3592559.00,,
2013,NAUGATUCK,14099,27567155.00,,
2013,NEW BRITAIN,29970,34591870.00,,
2013,NEW CANAAN,8128,201245362.00,,
2013,NEW FAIRFIELD,5945,18475358.00,,
2013,NEW HARTFORD,3162,11725215.00,,
2013,NEW HAVEN,48136,79097584.00,,
2013,NEWINGTON,15090,38614547.00,,
2013,NEW LONDON,10567,12994105.00,,
2013,NEW MILFORD,12526,32833712.00,,
2013,NEWTOWN,11318,64080392.00,,
2013,NORFOLK,730,2414898.00,,
2013,NORTH BRANFORD,6812,21740252.00,,
2013,NORTH CANAAN,346,571090.00,,
2013,NORTH HAVEN,11400,39894271.00,,
2013,NORTH STONINGTON,2355,6907052.00,,
2013,NORWALK,40307,133290002.00,,
2013,NORWICH,17105,24804212.00,,
2013,OLD LYME,3634,22019557.00,,
2013,OLD SAYBROOK,4953,20505111.00,,
2013,ORANGE,6365,35380542.00,,
2013,OXFORD,5516,21595530.00,,
2013,PLAINFIELD,6337,9473239.00,,
2013,PLAINVILLE,8540,18344523.00,,
2013,PLYMOUTH,5572,12087409.00,,
2013,POMFRET,1826,5814003.00,,
2013,PORTLAND,4357,15394000.00,,
2013,PRESTON,2051,5246494.00,,
2013,PROSPECT,4375,13629566.00,,
2013,PUTNAM,3962,5038203.00,,
2013,REDDING,3929,32629717.00,,
2013,RIDGEFIELD,9918,97291916.00,,
2013,ROCKY HILL,9577,33286824.00,,
2013,ROXBURY,978,7118094.00,,
2013,SALEM,1882,7540694.00,,
2013,SALISBURY,1662,6410648.00,,
2013,SCOTLAND,349,727309.00,,
2013,SEYMOUR,7612,19961083.00,,
2013,SHARON,1027,6800787.00,,
2013,SHELTON,18754,61844602.00,,
2013,SHERMAN,1579,6131813.00,,
2013,SIMSBURY,10425,73996992.00,,
2013,SOMERS,4312,16359086.00,,
2013,SOUTHBURY,8812,36994453.00,,
2013,SOUTHINGTON,19751,65814284.00,,
2013,SOUTH WINDSOR,11932,48513827.00,,
2013,SPRAGUE,1477,2831104.00,,
2013,STAFFORD,5398,10995921.00,,
2013,STAMFORD,58528,297769493.00,,
2013,STERLING,1373,2154129.00,,
2013,STONINGTON,12376,47043707.00,,
2013,STRATFORD,24077,57143205.00,,
2013,SUFFIELD,6135,25921844.00,,
2013,THOMASTON,3605,8577855.00,,
2013,THOMPSON,4051,4680507.00,,
2013,TOLLAND,6603,28842036.00,,
2013,TORRINGTON,15855,28327770.00,,
2013,TRUMBULL,15420,71776938.00,,
2013,UNION,284,866412.00,,
2013,VERNON,13971,32549753.00,,
2013,VOLUNTOWN,1164,2253362.00,,
2013,WALLINGFORD,21279,63882053.00,,
2013,WARREN,407,1709673.00,,
2013,WASHINGTON,1811,12195107.00,,
2013,WATERBURY,45088,50057070.00,,
2013,WATERFORD,9303,28417588.00,,
2013,WATERTOWN,10194,29268372.00,,
2013,WESTBROOK,3145,10878195.00,,
2013,WEST HARTFORD,27995,156495123.00,,
2013,WEST HAVEN,23766,37495748.00,,
2013,WESTON,3893,60544120.00,,
2013,WESTPORT,11403,179945528.00,,
2013,WETHERSFIELD,12873,41186054.00,,
2013,WILLINGTON,2597,7232020.00,,
2013,WILTON,7272,90087767.00,,
2013,WINCHESTER,5004,9315477.00,,
2013,WINDHAM,9169,10999384.00,,
2013,WINDSOR,14292,36867688.00,,
2013,WINDSOR LOCKS,6254,12438011.00,,
2013,WOLCOTT,7446,20625005.00,,
2013,WOODBRIDGE,4055,44255292.00,,
2013,WOODBURY,4489,20127265.00,,
2013,WOODSTOCK,3514,9069052.00,,
2012,ANDOVER,1510,4768776.00,,
2012,ANSONIA,8299,13233519.00,,
2012,ASHFORD,1992,5102877.00,,
2012,AVON,8105,81247716.00,,
2012,BARKHAMSTED,1640,4897122.00,,
2012,BEACON FALLS,2716,7047592.00,,
2012,BERLIN,9573,33726360.00,,
2012,BETHANY,2479,13671128.00,,
2012,BETHEL,8288,23571112.00,,
2012,BETHLEHEM,1670,5298158.00,,
2012,BLOOMFIELD,10313,31838693.00,,
2012,BOLTON,2342,9544326.00,,
2012,BOZRAH,1178,2966667.00,,
2012,BRANFORD,13778,51609249.00,,
2012,BRIDGEPORT,56838,54067580.00,,
2012,BRIDGEWATER,813,5182096.00,,
2012,BRISTOL,27400,57413248.00,,
2012,BROOKFIELD,7502,28976267.00,,
2012,BROOKLYN,3250,6866820.00,,
2012,BURLINGTON,4108,20163715.00,,
2012,CANAAN,1793,3183401.00,,
2012,CANTERBURY,2270,4657508.00,,
2012,CANTON,4533,23843392.00,,
2012,CHAPLIN,1001,1949323.00,,
2012,CHESHIRE,11799,65589129.00,,
2012,CHESTER,1764,7169089.00,,
2012,CLINTON,6111,18977909.00,,
2012,COLCHESTER,7124,22732771.00,,
2012,COLEBROOK,285,1116220.00,,
2012,COLUMBIA,2524,8643606.00,,
2012,CORNWALL,684,2980826.00,,
2012,COVENTRY,5540,16758708.00,,
2012,CROMWELL,6795,24747792.00,,
2012,DANBURY,33729,64011384.00,,
2012,DARIEN,8132,160005372.00,,
2012,DEEP RIVER,2148,8067720.00,,
2012,DERBY,5623,10478924.00,,
2012,DURHAM,3268,16906106.00,,
2012,EASTFORD,647,1626224.00,,
2012,EAST GRANBY,2427,9097680.00,,
2012,EAST HADDAM,3646,12620273.00,,
2012,EAST HAMPTON,5957,21731458.00,,
2012,SALEM,1838,7310473.00,,
2012,EAST HARTFORD,23440,31619392.00,,
2012,EAST HAVEN,13082,27685242.00,,
2012,EAST LYME,8018,29914564.00,,
2012,EASTON,3155,32462244.00,,
2012,EAST WINDSOR,5359,12098468.00,,
2012,ELLINGTON,7056,26170411.00,,
2012,ENFIELD,19042,36681592.00,,
2012,ESSEX,3181,19890865.00,,
2012,FAIRFIELD,23937,188514551.00,,
2012,FARMINGTON,11606,77418046.00,,
2012,FRANKLIN,905,2588987.00,,
2012,GLASTONBURY,15297,104503025.00,,
2012,GOSHEN,1331,5321871.00,,
2012,GRANBY,4880,23700315.00,,
2012,GREENWICH,26816,847304166.00,,
2012,GRISWOLD,5693,10609506.00,,
2012,GROTON,10640,22387198.00,,
2012,GUILFORD,9774,67865204.00,,
2012,HADDAM,3765,14599699.00,,
2012,HAMDEN,24891,70817483.00,,
2012,HAMPTON,1095,3001390.00,,
2012,HARTFORD,47054,43496449.00,,
2012,HARTLAND,756,2247378.00,,
2012,HARWINTON,2488,8988797.00,,
2012,HEBRON,4126,18440153.00,,
2012,KENT,1303,7554274.00,,
2012,KILLINGLY,7484,10507462.00,,
2012,KILLINGWORTH,2826,13317809.00,,
2012,LEBANON,3194,8365738.00,,
2012,LEDYARD,6623,17834593.00,,
2012,LISBON,1449,3178967.00,,
2012,LITCHFIELD,3761,16768789.00,,
2012,LYME,728,6732911.00,,
2012,MADISON,7945,54154888.00,,
2012,MANCHESTER,27009,60461116.00,,
2012,MANSFIELD,5589,17646007.00,,
2012,MARLBOROUGH,2800,12652328.00,,
2012,MERIDEN,26269,44927419.00,,
2012,MIDDLEBURY,3393,20486261.00,,
2012,MIDDLEFIELD,2006,6809485.00,,
2012,MIDDLETOWN,19812,49466152.00,,
2012,MILFORD,24965,109071166.00,,
2012,MONROE,8506,39115632.00,,
2012,MONTVILLE,8091,16630264.00,,
2012,MORRIS,1027,3471748.00,,
2012,NAUGATUCK,14014,27183794.00,,
2012,NEW BRITAIN,29484,34925616.00,,
2012,NEW CANAAN,8307,204718657.00,,
2012,NEW FAIRFIELD,6025,17752185.00,,
2012,NEW HARTFORD,3149,12441619.00,,
2012,NEW HAVEN,46059,77853166.00,,
2012,NEWINGTON,14740,38093181.00,,
2012,NEW LONDON,10439,13032833.00,,
2012,NEW MILFORD,12369,33321496.00,,
2012,NEWTOWN,11377,67997692.00,,
2012,NORFOLK,744,2537278.00,,
2012,NORTH BRANFORD,6824,21738017.00,,
2012,NORTH CANAAN,255,398978.00,,
2012,NORTH HAVEN,11300,40722764.00,,
2012,NORTH STONINGTON,2370,6727481.00,,
2012,NORWALK,39428,125117055.00,,
2012,NORWICH,17081,24769384.00,,
2012,OLD LYME,3911,29460924.00,,
2012,OLD SAYBROOK,4909,20249901.00,,
2012,ORANGE,6378,34388711.00,,
2012,OXFORD,5614,21825014.00,,
2012,PLAINFIELD,6305,9077733.00,,
2012,PLAINVILLE,8517,17968847.00,,
2012,PLYMOUTH,5538,11847882.00,,
2012,POMFRET,1853,5966115.00,,
2012,PORTLAND,4295,15246951.00,,
2012,PRESTON,2101,5298336.00,,
2012,PROSPECT,4390,13346417.00,,
2012,PUTNAM,3879,4940917.00,,
2012,REDDING,3970,41645321.00,,
2012,RIDGEFIELD,9921,110620229.00,,
2012,ROCKY HILL,9498,32614174.00,,
2012,ROXBURY,989,6432076.00,,
2012,SALISBURY,1684,7370430.00,,
2012,SCOTLAND,329,589658.00,,
2012,SEYMOUR,7460,19010453.00,,
2012,SHARON,1036,5791440.00,,
2012,SHELTON,18391,60394146.00,,
2012,SHERMAN,1657,6604167.00,,
2012,SIMSBURY,10169,73190206.00,,
2012,SOMERS,4266,17212881.00,,
2012,SOUTHBURY,8858,37643664.00,,
2012,SOUTHINGTON,19655,64827034.00,,
2012,SOUTH WINDSOR,11943,48233187.00,,
2012,SPRAGUE,1474,2702238.00,,
2012,STAFFORD,1486,2618408.00,,
2012,STAMFORD,57097,246051956.00,,
2012,STERLING,1346,1981860.00,,
2012,STONINGTON,12203,45798804.00,,
2012,STRATFORD,23864,56079318.00,,
2012,SUFFIELD,6088,26068929.00,,
2012,THOMASTON,3576,8251653.00,,
2012,THOMPSON,4057,6243033.00,,
2012,TOLLAND,6353,28824989.00,,
2012,TORRINGTON,15673,28746190.00,,
2012,TRUMBULL,15567,73841157.00,,
2012,UNION,289,745680.00,,
2012,VERNON,14045,32162959.00,,
2012,VOLUNTOWN,1186,2245631.00,,
2012,WALLINGFORD,20878,63872050.00,,
2012,WARREN,354,983522.00,,
2012,WASHINGTON,1884,14207841.00,,
2012,WATERBURY,44189,50155418.00,,
2012,WATERFORD,9313,28217252.00,,
2012,WATERTOWN,10064,28474533.00,,
2012,WESTBROOK,3166,10776221.00,,
2012,WEST HARTFORD,27627,156441031.00,,
2012,WEST HAVEN,23643,37756508.00,,
2012,WESTON,4069,63253732.00,,
2012,WESTPORT,11820,216187490.00,,
2012,WETHERSFIELD,12873,42178883.00,,
2012,WILLINGTON,2570,7236084.00,,
2012,WILTON,7358,99741375.00,,
2012,WINCHESTER,5238,9660143.00,,
2012,WINDHAM,8996,10989525.00,,
2012,WINDSOR,13989,36657045.00,,
2012,WINDSOR LOCKS,6189,12016566.00,,
2012,WOLCOTT,7533,19934078.00,,
2012,WOODBRIDGE,4119,42457830.00,,
2012,WOODBURY,4544,21498566.00,,
2012,WOODSTOCK,3470,9119980.00,,
2011,ANDOVER,1491,4606400.00,,
2011,ANSONIA,8229,12859369.00,,
2011,ASHFORD,1995,4921563.00,,
2011,AVON,7984,72302384.00,,
2011,BARKHAMSTED,1796,7035596.00,,
2011,BEACON FALLS,2689,6830314.00,,
2011,BERLIN,9451,31448702.00,,
2011,BETHANY,2447,12990194.00,,
2011,BETHEL,8189,22736846.00,,
2011,BETHLEHEM,1618,4924307.00,,
2011,BLOOMFIELD,10322,29158464.00,,
2011,BOLTON,2343,8970370.00,,
2011,BOZRAH,1144,2861694.00,,
2011,BRANFORD,13599,51614022.00,,
2011,BRIDGEPORT,56379,51904762.00,,
2011,BRIDGEWATER,773,4583023.00,,
2011,BRISTOL,27309,56025216.00,,
2011,BROOKFIELD,7420,26980986.00,,
2011,BROOKLYN,3245,6794955.00,,
2011,BURLINGTON,4057,18446848.00,,
2011,CANAAN,1805,3869201.00,,
2011,CANTERBURY,2278,4569592.00,,
2011,CANTON,4487,21998820.00,,
2011,CHAPLIN,1014,1935421.00,,
2011,CHESHIRE,11720,60675031.00,,
2011,CHESTER,1719,6006533.00,,
2011,CLINTON,6044,18218929.00,,
2011,COLCHESTER,7089,22425528.00,,
2011,COLEBROOK,289,1039788.00,,
2011,COLUMBIA,2538,8166912.00,,
2011,CORNWALL,701,2625292.00,,
2011,COVENTRY,5541,16266228.00,,
2011,CROMWELL,6736,23689748.00,,
2011,DANBURY,32974,62536655.00,,
2011,DARIEN,7849,139855074.00,,
2011,DEEP RIVER,2117,6914198.00,,
2011,DERBY,5596,10090165.00,,
2011,DURHAM,3211,15373835.00,,
2011,EASTFORD,664,1654664.00,,
2011,EAST GRANBY,2381,8501123.00,,
2011,EAST HADDAM,3584,11805373.00,,
2011,EAST HAMPTON,5927,20195372.00,,
2011,EAST HARTFORD,23466,30864226.00,,
2011,EAST HAVEN,13057,25922824.00,,
2011,EAST LYME,8028,28932185.00,,
2011,EASTON,3049,31136949.00,,
2011,EAST WINDSOR,5322,11487864.00,,
2011,ELLINGTON,7024,23259797.00,,
2011,ENFIELD,19111,35634721.00,,
2011,ESSEX,3127,18024583.00,,
2011,FAIRFIELD,23179,160086528.00,,
2011,FARMINGTON,11682,72706859.00,,
2011,FRANKLIN,865,2336584.00,,
2011,GLASTONBURY,15078,92421407.00,,
2011,GOSHEN,1281,4524907.00,,
2011,GRANBY,4881,21614401.00,,
2011,GREENWICH,25611,619906088.00,,
2011,GRISWOLD,5536,9673328.00,,
2011,GROTON,10729,22121226.00,,
2011,GUILFORD,9667,56590473.00,,
2011,HADDAM,3708,13672495.00,,
2011,HAMDEN,24938,69450228.00,,
2011,HAMPTON,1087,2521573.00,,
2011,HARTFORD,47192,42196083.00,,
2011,HARTLAND,743,2105074.00,,
2011,HARWINTON,2484,9016028.00,,
2011,HEBRON,4062,16386676.00,,
2011,KENT,1246,4182976.00,,
2011,KILLINGLY,7528,10080811.00,,
2011,KILLINGWORTH,2833,11995689.00,,
2011,LEBANON,3185,8113661.00,,
2011,LEDYARD,6547,17222850.00,,
2011,LISBON,1612,3916820.00,,
2011,LITCHFIELD,3666,15515941.00,,
2011,LYME,917,5380528.00,,
2011,MADISON,7797,51852741.00,,
2011,MANCHESTER,26921,57957464.00,,
2011,MANSFIELD,5460,16769393.00,,
2011,MARLBOROUGH,2757,11484152.00,,
2011,MERIDEN,26313,44321345.00,,
2011,MIDDLEBURY,3342,18115204.00,,
2011,MIDDLEFIELD,1979,6619626.00,,
2011,MIDDLETOWN,20105,48710544.00,,
2011,MILFORD,24874,102797472.00,,
2011,MONROE,8418,36368217.00,,
2011,MONTVILLE,8111,16498744.00,,
2011,MORRIS,999,3270008.00,,
2011,NAUGATUCK,14030,26972130.00,,
2011,NEW BRITAIN,29407,33036715.00,,
2011,NEW CANAAN,7852,208802864.00,,
2011,NEW FAIRFIELD,5921,17356122.00,,
2011,NEW HARTFORD,3095,12386919.00,,
2011,NEW HAVEN,45589,79085644.00,,
2011,NEWINGTON,14833,36488946.00,,
2011,NEW LONDON,10432,13288549.00,,
2011,NEW MILFORD,12173,32030598.00,,
2011,NEWTOWN,11169,60519969.00,,
2011,NORFOLK,768,2402275.00,,
2011,NORTH BRANFORD,6729,19977948.00,,
2011,NORTH CANAAN,261,382365.00,,
2011,NORTH HAVEN,11169,37227395.00,,
2011,NORTH STONINGTON,2338,6614863.00,,
2011,NORWALK,38172,122042409.00,,
2011,NORWICH,16984,24508992.00,,
2011,OLD LYME,3629,20340563.00,,
2011,OLD SAYBROOK,4865,20490673.00,,
2011,ORANGE,6307,35169415.00,,
2011,OXFORD,5518,20459010.00,,
2011,PLAINFIELD,6248,9179613.00,,
2011,PLAINVILLE,8567,17296068.00,,
2011,PLYMOUTH,5585,11450494.00,,
2011,POMFRET,1817,5461126.00,,
2011,PORTLAND,4295,14290027.00,,
2011,PRESTON,2085,5061271.00,,
2011,PROSPECT,4274,12836122.00,,
2011,PUTNAM,3876,4976062.00,,
2011,REDDING,3863,36590732.00,,
2011,RIDGEFIELD,9698,102560062.00,,
2011,ROCKY HILL,9366,31577010.00,,
2011,ROXBURY,994,7391640.00,,
2011,SALEM,1841,6941438.00,,
2011,SALISBURY,1581,6167172.00,,
2011,SCOTLAND,328,634655.00,,
2011,SEYMOUR,7385,18421757.00,,
2011,SHARON,999,6063872.00,,
2011,SHELTON,18060,58718555.00,,
2011,SHERMAN,1598,5915566.00,,
2011,SIMSBURY,9940,69853404.00,,
2011,SOMERS,4211,14878424.00,,
2011,SOUTHBURY,8705,39307706.00,,
2011,SOUTHINGTON,19453,62881981.00,,
2011,SOUTH WINDSOR,11848,45772687.00,,
2011,SPRAGUE,1488,2702655.00,,
2011,STAFFORD,5142,10169710.00,,
2011,STAMFORD,55567,228878512.00,,
2011,STERLING,1364,2011462.00,,
2011,STONINGTON,12160,42579553.00,,
2011,STRATFORD,23784,53770482.00,,
2011,SUFFIELD,6020,24438123.00,,
2011,THOMASTON,3547,7869608.00,,
2011,THOMPSON,3993,4446791.00,,
2011,TOLLAND,6366,27234199.00,,
2011,TORRINGTON,15686,27331254.00,,
2011,TRUMBULL,15352,68557799.00,,
2011,UNION,341,905978.00,,
2011,VERNON,13745,32993113.00,,
2011,VOLUNTOWN,1198,2358717.00,,
2011,WALLINGFORD,20699,60321990.00,,
2011,WARREN,435,1217479.00,,
2011,WASHINGTON,1876,9184970.00,,
2011,WATERBURY,45141,49759850.00,,
2011,WATERFORD,9249,26952934.00,,
2011,WATERTOWN,9969,27198700.00,,
2011,WESTBROOK,3131,9544864.00,,
2011,WEST HARTFORD,27744,137050991.00,,
2011,WEST HAVEN,23669,36228841.00,,
2011,WESTON,3901,57156637.00,,
2011,WESTPORT,11226,204755753.00,,
2011,WETHERSFIELD,12827,39124331.00,,
2011,WILLINGTON,2538,6989329.00,,
2011,WILTON,7066,91184650.00,,
2011,WINCHESTER,5238,9606929.00,,
2011,WINDHAM,9190,10694717.00,,
2011,WINDSOR,14067,35769105.00,,
2011,WINDSOR LOCKS,6152,11677351.00,,
2011,WOLCOTT,7406,19329635.00,,
2011,WOODBRIDGE,3962,36788864.00,,
2011,WOODBURY,4515,20378218.00,,
2011,WOODSTOCK,3404,8600367.00,,
2016,ANDOVER,1522,5276011.00,,
2016,ANSONIA,8659,15009944.00,,
2016,ASHFORD,2105,5450457.00,,
2016,AVON,8455,84101775.00,,
2016,BARKHAMSTED,1816,5787917.00,,
2016,BEACON FALLS,2876,8617547.00,,
2016,BERLIN,10086,39038292.00,,
2016,BETHANY,2455,14521773.00,,
2016,BETHEL,8750,27308692.00,,
2016,BETHLEHEM,1687,5960149.00,,
2016,BLOOMFIELD,10804,37048237.00,,
2016,BOLTON,2384,10382142.00,,
2016,BOZRAH,1211,3708101.00,,
2016,BRANFORD,14392,59880479.00,,
2016,BRIDGEPORT,59738,61465266.00,,
2016,BRIDGEWATER,812,6126378.00,,
2016,BRISTOL,28599,64236830.00,,
2016,BROOKFIELD,8133,33892504.00,,
2016,BROOKLYN,3459,7949640.00,,
2016,BURLINGTON,4285,23265298.00,,
2016,CANAAN,1733,3384118.00,,
2016,CANTERBURY,2326,5485537.00,,
2016,CANTON,4680,25759516.00,,
2016,CHAPLIN,1037,2352237.00,,
2016,CHESHIRE,12393,67387530.00,,
2016,CHESTER,1879,7958072.00,,
2016,CLINTON,6343,22095898.00,,
2016,COLCHESTER,7564,26907189.00,,
2016,COLEBROOK,575,1823173.00,,
2016,COLUMBIA,2602,9435636.00,,
2016,CORNWALL,741,2565009.00,,
2016,COVENTRY,5860,19839776.00,,
2016,CROMWELL,7005,30411795.00,,
2016,DANBURY,36562,71479696.00,,
2016,DARIEN,8366,158273075.00,,
2016,DEEP RIVER,2182,10532601.00,,
2016,DERBY,5853,11677813.00,,
2016,DURHAM,3468,20680305.00,,
2016,EASTFORD,682,1866401.00,,
2016,EAST GRANBY,2482,10047295.00,,
2016,EAST HADDAM,3901,13811346.00,,
2016,EAST HAMPTON,6139,23137252.00,,
2016,EAST HARTFORD,24275,35934826.00,,
2016,EAST HAVEN,13453,30922610.00,,
2016,EAST LYME,8469,35634083.00,,
2016,EASTON,3245,31991827.00,,
2016,EAST WINDSOR,5597,13875142.00,,
2016,ELLINGTON,7538,33298582.00,,
2016,ENFIELD,19700,41202453.00,,
2016,ESSEX,3202,20666271.00,,
2016,FAIRFIELD,24521,210571456.00,,
2016,FARMINGTON,12096,76935508.00,,
2016,FRANKLIN,899,2740373.00,,
2016,GLASTONBURY,15851,112422443.00,,
2016,GOSHEN,1339,6631283.00,,
2016,GRANBY,5003,25357702.00,,
2016,GREENWICH,27333,554374149.00,,
2016,GRISWOLD,5492,11202322.00,,
2016,GROTON,11525,25903860.00,,
2016,GUILFORD,10122,67608847.00,,
2016,HADDAM,3956,17227416.00,,
2016,HAMDEN,25212,76948767.00,,
2016,HAMPTON,1107,3053280.00,,
2016,HARTFORD,49075,51242224.00,,
2016,HARTLAND,839,2810461.00,,
2016,HARWINTON,2559,9867776.00,,
2016,HEBRON,4287,19562411.00,,
2016,KENT,1306,4364093.00,,
2016,KILLINGLY,7753,12436306.00,,
2016,KILLINGWORTH,2872,14444703.00,,
2016,LEBANON,3289,10032193.00,,
2016,LEDYARD,6676,19153173.00,,
2016,LISBON,1702,4481531.00,,
2016,LITCHFIELD,3861,17730789.00,,
2016,LYME,962,7449806.00,,
2016,MADISON,8080,61038179.00,,
2016,MANCHESTER,28487,68555730.00,,
2016,MANSFIELD,5379,19822706.00,,
2016,MARLBOROUGH,2865,15183666.00,,
2016,MERIDEN,27258,50027323.00,,
2016,MIDDLEBURY,3425,24533755.00,,
2016,MIDDLEFIELD,2024,8112628.00,,
2016,MIDDLETOWN,20824,55835515.00,,
2016,MILFORD,25909,110670397.00,,
2016,MONROE,8746,42397763.00,,
2016,MONTVILLE,8321,18835422.00,,
2016,MORRIS,1078,4592874.00,,
2016,NAUGATUCK,14358,29742923.00,,
2016,NEW BRITAIN,31360,38363772.00,,
2016,NEW CANAAN,8225,165509512.00,,
2016,NEW FAIRFIELD,6128,20358833.00,,
2016,NEW HARTFORD,3315,14119121.00,,
2016,NEW HAVEN,49107,89388902.00,,
2016,NEWINGTON,15349,42989401.00,,
2016,NEW LONDON,11247,14707239.00,,
2016,NEW MILFORD,12918,37836736.00,,
2016,NEWTOWN,11857,67865589.00,,
2016,NORFOLK,739,3051275.00,,
2016,NORTH BRANFORD,6815,24773510.00,,
2016,NORTH CANAAN,362,603297.00,,
2016,NORTH HAVEN,11835,47048681.00,,
2016,NORTH STONINGTON,2413,7758350.00,,
2016,NORWALK,41970,149760507.00,,
2016,NORWICH,17788,26912934.00,,
2016,OLD LYME,3731,26552629.00,,
2016,OLD SAYBROOK,5114,25456799.00,,
2016,ORANGE,6677,37214827.00,,
2016,OXFORD,5803,24517548.00,,
2016,PLAINFIELD,6481,10351636.00,,
2016,PLAINVILLE,8848,21661566.00,,
2016,PLYMOUTH,5704,13478650.00,,
2016,POMFRET,1874,6551207.00,,
2016,PORTLAND,4477,17513743.00,,
2016,PRESTON,2142,5678125.00,,
2016,PROSPECT,4508,15450487.00,,
2016,PUTNAM,4018,5383891.00,,
2016,REDDING,3953,37199731.00,,
2016,RIDGEFIELD,10347,109642086.00,,
2016,ROCKY HILL,9734,36676321.00,,
2016,ROXBURY,997,7612484.00,,
2016,SALEM,1880,7635934.00,,
2016,SALISBURY,1640,8148354.00,,
2016,SCOTLAND,328,756924.00,,
2016,SEYMOUR,7922,22568291.00,,
2016,SHARON,1025,7021759.00,,
2016,SHELTON,19370,71114936.00,,
2016,SHERMAN,1589,6612861.00,,
2016,SIMSBURY,10710,74669677.00,,
2016,SOMERS,4393,17457651.00,,
2016,SOUTHBURY,8873,41044340.00,,
2016,SOUTHINGTON,20479,75605359.00,,
2016,SOUTH WINDSOR,12201,54021137.00,,
2016,SPRAGUE,1498,3214867.00,,
2016,STAFFORD,5465,12396538.00,,
2016,STAMFORD,61016,253612830.00,,
2016,STERLING,1433,2492798.00,,
2016,STONINGTON,12692,52706572.00,,
2016,STRATFORD,25219,64011467.00,,
2016,SUFFIELD,6313,31049245.00,,
2016,THOMASTON,3715,9497967.00,,
2016,THOMPSON,4172,5375262.00,,
2016,TOLLAND,6594,31209266.00,,
2016,TORRINGTON,16108,30616369.00,,
2016,TRUMBULL,15898,82832975.00,,
2016,UNION,292,1070040.00,,
2016,VERNON,14576,36128414.00,,
2016,VOLUNTOWN,1211,2648992.00,,
2016,WALLINGFORD,21777,72362959.00,,
2016,WARREN,428,2241212.00,,
2016,WASHINGTON,1820,9663686.00,,
2016,WATERBURY,46280,54183281.00,,
2016,WATERFORD,9581,31294806.00,,
2016,WATERTOWN,10414,32969740.00,,
2016,WESTBROOK,3237,16555014.00,,
2016,WEST HARTFORD,28558,171817664.00,,
2016,WEST HAVEN,24394,41940473.00,,
2016,WESTON,4087,59302265.00,,
2016,WESTPORT,11623,203589633.00,,
2016,WETHERSFIELD,13120,48374305.00,,
2016,WILLINGTON,2636,7934980.00,,
2016,WILTON,7519,99915020.00,,
2016,WINCHESTER,4885,9982823.00,,
2016,WINDHAM,9508,12456754.00,,
2016,WINDSOR,14637,39080521.00,,
2016,WINDSOR LOCKS,6444,13790875.00,,
2016,WOLCOTT,7759,23258044.00,,
2016,WOODBRIDGE,4128,42737698.00,,
2016,WOODBURY,4712,21658768.00,,
2016,WOODSTOCK,3592,10501766.00,,
2017,ANDOVER,1546,5751446.00,,
2017,ANSONIA,8746,15737097.00,,
2017,ASHFORD,2058,5560639.00,,
2017,AVON,8457,86058222.00,,
2017,BARKHAMSTED,1828,6799901.00,,
2017,BEACON FALLS,2853,9009852.00,,
2017,BERLIN,10022,41756456.00,,
2017,BETHANY,2536,14596725.00,,
2017,BETHEL,8973,29124336.00,,
2017,BETHLEHEM,1658,6120786.00,,
2017,BLOOMFIELD,10998,40005085.00,,
2017,BOLTON,2329,10573707.00,,
2017,BOZRAH,1243,3990234.00,,
2017,BRANFORD,14441,62797677.00,,
2017,BRIDGEPORT,60011,63872129.00,,
2017,BRIDGEWATER,803,5406596.00,,
2017,BRISTOL,28779,67088215.00,,
2017,BROOKFIELD,8180,35161105.00,,
2017,BROOKLYN,3557,8411282.00,,
2017,BURLINGTON,4357,24667874.00,,
2017,CANAAN,1743,3655672.00,,
2017,CANTERBURY,2375,5724853.00,,
2017,CANTON,4690,28445144.00,,
2017,CHAPLIN,1033,2266303.00,,
2017,CHESHIRE,12425,70826186.00,,
2017,CHESTER,1878,7954635.00,,
2017,CLINTON,6373,23887068.00,,
2017,COLCHESTER,7748,27559798.00,,
2017,COLEBROOK,589,1953989.00,,
2017,COLUMBIA,2603,9973718.00,,
2017,CORNWALL,775,2853911.00,,
2017,COVENTRY,5950,20670726.00,,
2017,CROMWELL,7121,32269922.00,,
2017,DANBURY,37131,77140025.00,,
2017,DARIEN,8391,226297824.00,,
2017,DEEP RIVER,2196,9498797.00,,
2017,DERBY,5913,12372223.00,,
2017,DURHAM,3447,21615912.00,,
2017,EASTFORD,657,1945467.00,,
2017,EAST GRANBY,2436,10133544.00,,
2017,EAST HADDAM,3913,14265135.00,,
2017,EAST HAMPTON,6114,24692638.00,,
2017,EAST HARTFORD,24465,37696907.00,,
2017,EAST HAVEN,13620,34040369.00,,
2017,EAST LYME,8484,40060793.00,,
2017,EASTON,3223,30574642.00,,
2017,EAST WINDSOR,5580,14336300.00,,
2017,ELLINGTON,7566,33254794.00,,
2017,ENFIELD,19670,42760909.00,,
2017,ESSEX,3274,22315236.00,,
2017,FAIRFIELD,24631,214544445.00,,
2017,FARMINGTON,12135,86180050.00,,
2017,FRANKLIN,908,2900342.00,,
2017,GLASTONBURY,15992,126219168.00,,
2017,GOSHEN,1356,7741365.00,,
2017,GRANBY,5014,26568667.00,,
2017,GREENWICH,27286,765421830.00,,
2017,GRISWOLD,5490,11852631.00,,
2017,GROTON,11657,31955590.00,,
2017,GUILFORD,10120,71749154.00,,
2017,HADDAM,3951,18239649.00,,
2017,HAMDEN,25632,81488504.00,,
2017,HAMPTON,1112,2879329.00,,
2017,HARTFORD,49731,55173845.00,,
2017,HARTLAND,848,2925139.00,,
2017,HARWINTON,2603,10417293.00,,
2017,HEBRON,4264,20815229.00,,
2017,KENT,1282,4510941.00,,
2017,KILLINGLY,7932,13369389.00,,
2017,KILLINGWORTH,2934,15241030.00,,
2017,LEBANON,3318,10401879.00,,
2017,LEDYARD,6757,20732405.00,,
2017,LISBON,1721,4730696.00,,
2017,LITCHFIELD,3841,18483323.00,,
2017,LYME,977,9981557.00,,
2017,MADISON,8084,64027279.00,,
2017,MANCHESTER,28890,71287908.00,,
2017,MANSFIELD,5293,19609793.00,,
2017,MARLBOROUGH,2869,15293738.00,,
2017,MERIDEN,27728,53311160.00,,
2017,MIDDLEBURY,3434,25296640.00,,
2017,MIDDLEFIELD,2086,9008340.00,,
2017,MIDDLETOWN,21123,59059709.00,,
2017,MILFORD,26140,116181524.00,,
2017,MONROE,8776,44819487.00,,
2017,MONTVILLE,8372,19970930.00,,
2017,MORRIS,1051,4641713.00,,
2017,NAUGATUCK,14401,30950138.00,,
2017,NEW BRITAIN,31910,42285986.00,,
2017,NEW CANAAN,8159,190137495.00,,
2017,NEW FAIRFIELD,6123,21168446.00,,
2017,NEW HARTFORD,3339,14523100.00,,
2017,NEW HAVEN,49101,96567123.00,,
2017,NEWINGTON,15503,45544542.00,,
2017,NEW LONDON,11341,17206087.00,,
2017,NEW MILFORD,13088,38207942.00,,
2017,NEWTOWN,11893,73637620.00,,
2017,NORFOLK,710,3175184.00,,
2017,NORTH BRANFORD,6839,24813135.00,,
2017,NORTH CANAAN,326,637293.00,,
2017,NORTH HAVEN,11897,49097371.00,,
2017,NORTH STONINGTON,2388,8499842.00,,
2017,NORWALK,42446,190008373.00,,
2017,NORWICH,17895,28699737.00,,
2017,OLD LYME,3777,28411090.00,,
2017,OLD SAYBROOK,5270,30569500.00,,
2017,ORANGE,6671,39133954.00,,
2017,OXFORD,5843,25945137.00,,
2017,PLAINFIELD,6578,11269174.00,,
2017,PLAINVILLE,8903,22619200.00,,
2017,PLYMOUTH,5770,14150946.00,,
2017,POMFRET,1880,6811385.00,,
2017,PORTLAND,4425,18196872.00,,
2017,PRESTON,2159,6130867.00,,
2017,PROSPECT,4487,16504967.00,,
2017,PUTNAM,4055,5818571.00,,
2017,REDDING,3983,37324049.00,,
2017,RIDGEFIELD,10449,112130480.00,,
2017,ROCKY HILL,9833,39267108.00,,
2017,ROXBURY,987,8105845.00,,
2017,SALEM,1924,7883931.00,,
2017,SALISBURY,1657,7890821.00,,
2017,SCOTLAND,336,850208.00,,
2017,SEYMOUR,8016,23392663.00,,
2017,SHARON,1045,6787866.00,,
2017,SHELTON,19774,73145450.00,,
2017,SHERMAN,1615,7194685.00,,
2017,SIMSBURY,10924,83349682.00,,
2017,SOMERS,4347,19680925.00,,
2017,SOUTHBURY,9129,43634408.00,,
2017,SOUTHINGTON,20646,81069073.00,,
2017,SOUTH WINDSOR,12305,56885512.00,,
2017,SPRAGUE,1524,3389559.00,,
2017,STAFFORD,5503,13055695.00,,
2017,STAMFORD,61485,888615940.00,,
2017,STERLING,1438,2586837.00,,
2017,STONINGTON,12818,57768016.00,,
2017,STRATFORD,25458,66874483.00,,
2017,SUFFIELD,6473,38099944.00,,
2017,THOMASTON,3715,10014244.00,,
2017,THOMPSON,4249,6071834.00,,
2017,TOLLAND,6697,32414277.00,,
2017,TORRINGTON,16294,32527802.00,,
2017,TRUMBULL,16095,84369657.00,,
2017,UNION,289,1025546.00,,
2017,VERNON,14772,38598539.00,,
2017,VOLUNTOWN,1232,2932397.00,,
2017,WALLINGFORD,21794,74646914.00,,
2017,WARREN,434,1435438.00,,
2017,WASHINGTON,1821,10875912.00,,
2017,WATERBURY,46812,56146024.00,,
2017,WATERFORD,9609,32858979.00,,
2017,WATERTOWN,10530,34416348.00,,
2017,WESTBROOK,3321,13865104.00,,
2017,WEST HARTFORD,28746,187671397.00,,
2017,WEST HAVEN,24459,44681171.00,,
2017,WESTON,4042,62378869.00,,
2017,WESTPORT,11680,218578916.00,,
2017,WETHERSFIELD,13230,50870415.00,,
2017,WILLINGTON,2635,8280838.00,,
2017,WILTON,7513,102381191.00,,
2017,WINCHESTER,4957,10612405.00,,
2017,WINDHAM,9566,12723078.00,,
2017,WINDSOR,14975,41167367.00,,
2017,WINDSOR LOCKS,6519,14729802.00,,
2017,WOLCOTT,7822,24596191.00,,
2017,WOODBRIDGE,4116,43739647.00,,
2017,WOODBURY,4715,22649260.00,,
2017,WOODSTOCK,3636,11706636.00,,
2018,ANDOVER,1565,5989834.00,428480.00,6418314.00
2018,ANSONIA,8876,16429056.00,102608.00,16531664.00
2018,ASHFORD,2086,5987098.00,130814.00,6117912.00
2018,AVON,8498,91942574.00,7534848.00,99477422.00
2018,BARKHAMSTED,1845,6646823.00,284019.00,6930842.00
2018,BEACON FALLS,2895,9686841.00,152495.00,9839336.00
2018,BERLIN,10188,44879856.00,3132607.00,48012463.00
2018,BETHANY,2449,14870438.00,1635049.00,16505487.00
2018,BETHEL,8984,30484168.00,1171584.00,31655752.00
2018,BETHLEHEM,1644,6654560.00,634968.00,7289528.00
2018,BLOOMFIELD,11166,38990075.00,1752139.00,40742214.00
2018,BOLTON,2344,11657136.00,813840.00,12470976.00
2018,BOZRAH,1249,3982407.00,441131.00,4423538.00
2018,BRANFORD,14441,64304210.00,5051095.00,69355305.00
2018,BRIDGEPORT,60112,67064059.00,1794284.00,68858343.00
2018,BRIDGEWATER,779,5440043.00,755139.00,6195182.00
2018,BRISTOL,29217,71793325.00,2753543.00,74546868.00
2018,BROOKFIELD,8241,37697735.00,3224398.00,40922133.00
2018,BROOKLYN,3603,8664249.00,231177.00,8895426.00
2018,BURLINGTON,4382,27034253.00,1773197.00,28807450.00
2018,CANAAN,1714,3966717.00,164341.00,4131058.00
2018,CANTERBURY,2416,6273962.00,234300.00,6508262.00
2018,CANTON,4668,29215985.00,2237825.00,31453810.00
2018,CHAPLIN,1061,2406208.00,103372.00,2509580.00
2018,CHESHIRE,12486,73097328.00,5816110.00,78913438.00
2018,CHESTER,1857,8806904.00,1027920.00,9834824.00
2018,CLINTON,6412,25064275.00,1817242.00,26881517.00
2018,COLCHESTER,7760,28855763.00,1126255.00,29982018.00
2018,COLEBROOK,605,2120203.00,69999.00,2190202.00
2018,COLUMBIA,2560,10234919.00,425388.00,10660307.00
2018,CORNWALL,756,2863656.00,346375.00,3210031.00
2018,COVENTRY,5945,22239825.00,1374769.00,23614594.00
2018,CROMWELL,7177,35526866.00,3682650.00,39209516.00
2018,DANBURY,37191,79729340.00,3807005.00,83536345.00
2018,DARIEN,8283,210653056.00,8502408.00,219155464.00
2018,DEEP RIVER,2210,8450709.00,481566.00,8932275.00
2018,DERBY,6018,12863196.00,208273.00,13071469.00
2018,DURHAM,3454,22716997.00,2589242.00,25306239.00
2018,EASTFORD,668,2058871.00,201278.00,2260149.00
2018,EAST GRANBY,2441,10972853.00,633765.00,11606618.00
2018,EAST HADDAM,3936,15397296.00,867075.00,16264371.00
2018,EAST HAMPTON,6137,25425453.00,1027901.00,26453354.00
2018,EAST HARTFORD,24846,39610297.00,479692.00,40089989.00
2018,EAST HAVEN,13768,33578761.00,1929638.00,35508399.00
2018,EAST LYME,8574,40715930.00,2737401.00,43453331.00
2018,EASTON,3163,31087810.00,4249494.00,35337304.00
2018,EAST WINDSOR,5630,15274151.00,811882.00,16086033.00
2018,ELLINGTON,7694,35494822.00,2072184.00,37567006.00
2018,ENFIELD,19734,44847352.00,1248808.00,46096160.00
2018,ESSEX,3347,24891681.00,2132521.00,27024202.00
2018,FAIRFIELD,24510,220964250.00,20477140.00,241441390.00
2018,FARMINGTON,12234,86855113.00,6298041.00,93153154.00
2018,FRANKLIN,903,2938853.00,166315.00,3105168.00
2018,GLASTONBURY,16240,131128103.00,12537424.00,143665527.00
2018,GOSHEN,1348,7998292.00,796240.00,8794532.00
2018,GRANBY,5070,29718911.00,1394595.00,31113506.00
2018,GREENWICH,26472,692983570.00,78266750.00,771250320.00
2018,GRISWOLD,5689,12654178.00,345805.00,12999983.00
2018,GROTON,11781,29429688.00,1300369.00,30730057.00
2018,GUILFORD,10088,79874955.00,6838887.00,86713842.00
2018,HADDAM,4014,19380016.00,1678858.00,21058874.00
2018,HAMDEN,25798,85445222.00,2896425.00,88341647.00
2018,HAMPTON,1114,3079103.00,94127.00,3173230.00
2018,HARTFORD,49686,59270140.00,1660921.00,60931061.00
2018,HARTLAND,841,3122661.00,167988.00,3290649.00
2018,HARWINTON,2597,11572584.00,1114660.00,12687244.00
2018,HEBRON,4376,22860821.00,1265361.00,24126182.00
2018,KENT,1267,4855880.00,391625.00,5247505.00
2018,KILLINGLY,8069,14524684.00,1032872.00,15557556.00
2018,KILLINGWORTH,2963,16223269.00,1132422.00,17355691.00
2018,LEBANON,3384,10840054.00,414962.00,11255016.00
2018,LEDYARD,6844,21687219.00,444301.00,22131520.00
2018,LISBON,1709,4978757.00,377957.00,5356714.00
2018,LITCHFIELD,3868,20853212.00,2255217.00,23108429.00
2018,LYME,920,9667737.00,1087087.00,10754824.00
2018,MADISON,8044,70395211.00,6952231.00,77347442.00
2018,MANCHESTER,29161,76337054.00,2452158.00,78789212.00
2018,MANSFIELD,5288,20127520.00,1017777.00,21145297.00
2018,MARLBOROUGH,2881,16335208.00,1191380.00,17526588.00
2018,MERIDEN,28224,56128249.00,1352701.00,57480950.00
2018,MIDDLEBURY,3538,30117854.00,4655248.00,34773102.00
2018,MIDDLEFIELD,2116,9055764.00,520129.00,9575893.00
2018,MIDDLETOWN,21370,63294814.00,2534603.00,65829417.00
2018,MILFORD,26231,120021304.00,5581837.00,125603141.00
2018,MONROE,8761,44770347.00,2331701.00,47102048.00
2018,MONTVILLE,8370,20895629.00,657394.00,21553023.00
2018,MORRIS,1041,4414931.00,632386.00,5047317.00
2018,NAUGATUCK,14598,32755934.00,968658.00,33724592.00
2018,NEW BRITAIN,32579,43884236.00,858196.00,44742432.00
2018,NEW CANAAN,7964,176528186.00,15953168.00,192481354.00
2018,NEW FAIRFIELD,6108,22286296.00,1085136.00,23371432.00
2018,NEW HARTFORD,3306,14901238.00,828986.00,15730224.00
2018,NEW HAVEN,49015,98217712.00,3531351.00,101749063.00
2018,NEWINGTON,15683,50873213.00,1299439.00,52172652.00
2018,NEW LONDON,11208,16299349.00,571977.00,16871326.00
2018,NEW MILFORD,13046,41049283.00,2334240.00,43383523.00
2018,NEWTOWN,12012,75958838.00,5164749.00,81123587.00
2018,NORFOLK,727,3026571.00,235724.00,3262295.00
2018,NORTH BRANFORD,6902,27394767.00,1408492.00,28803259.00
2018,NORTH CANAAN,342,654919.00,78447.00,733366.00
2018,NORTH HAVEN,11990,52550028.00,4721977.00,57272005.00
2018,NORTH STONINGTON,2400,8264917.00,361998.00,8626915.00
2018,NORWALK,42460,155284931.00,8775400.00,164060331.00
2018,NORWICH,18219,29960498.00,686227.00,30646725.00
2018,OLD LYME,3741,25086215.00,2178648.00,27264863.00
2018,OLD SAYBROOK,5252,29409443.00,3669685.00,33079128.00
2018,ORANGE,6653,39584870.00,3146252.00,42731122.00
2018,OXFORD,5944,26790431.00,1466110.00,28256541.00
2018,PLAINFIELD,6640,11801863.00,264089.00,12065952.00
2018,PLAINVILLE,9024,24028370.00,1402481.00,25430851.00
2018,PLYMOUTH,5875,14870778.00,360413.00,15231191.00
2018,POMFRET,1893,7227111.00,374312.00,7601423.00
2018,PORTLAND,4472,19705868.00,1045663.00,20751531.00
2018,PRESTON,2212,6458508.00,379892.00,6838400.00
2018,PROSPECT,4519,17495674.00,671376.00,18167050.00
2018,PUTNAM,4147,6172992.00,276713.00,6449705.00
2018,REDDING,3925,46430775.00,4852650.00,51283425.00
2018,RIDGEFIELD,10286,115683371.00,7842491.00,123525862.00
2018,ROCKY HILL,9962,43305617.00,2352022.00,45657639.00
2018,ROXBURY,957,8217674.00,749219.00,8966893.00
2018,SALEM,1925,8667944.00,236915.00,8904859.00
2018,SALISBURY,1627,9241243.00,552992.00,9794235.00
2018,SCOTLAND,329,890603.00,7739.00,898342.00
2018,SEYMOUR,8090,24459059.00,676609.00,25135668.00
2018,SHARON,995,8732412.00,290288.00,9022700.00
2018,SHELTON,19939,77755892.00,4109257.00,81865149.00
2018,SHERMAN,1601,7428516.00,560711.00,7989227.00
2018,SIMSBURY,11050,84260161.00,5272597.00,89532758.00
2018,SOMERS,4392,21928885.00,4244779.00,26173664.00
2018,SOUTHBURY,9158,44942518.00,3171925.00,48114443.00
2018,SOUTHINGTON,20828,86243532.00,6178237.00,92421769.00
2018,SOUTH WINDSOR,12345,60478277.00,3898961.00,64377238.00
2018,SPRAGUE,1455,3361462.00,129688.00,3491150.00
2018,STAFFORD,5395,13646656.00,418433.00,14065089.00
2018,STAMFORD,61666,309913816.00,47925582.00,357839398.00
2018,STERLING,1433,2801914.00,55887.00,2857801.00
2018,STONINGTON,12808,60926688.00,3813736.00,64740424.00
2018,STRATFORD,25559,68243585.00,2302154.00,70545739.00
2018,SUFFIELD,6458,35997224.00,3429744.00,39426968.00
2018,THOMASTON,3700,10590692.00,353844.00,10944536.00
2018,THOMPSON,4281,6449592.00,202980.00,6652572.00
2018,TOLLAND,6715,35305777.00,2638763.00,37944540.00
2018,TORRINGTON,16567,34140174.00,1489163.00,35629337.00
2018,TRUMBULL,16022,87690654.00,5195917.00,92886571.00
2018,UNION,281,1021716.00,88867.00,1110583.00
2018,VERNON,15069,41207458.00,1861740.00,43069198.00
2018,VOLUNTOWN,1251,3173318.00,50714.00,3224032.00
2018,WALLINGFORD,21716,78195155.00,4517711.00,82712866.00
2018,WARREN,427,1861654.00,47442.00,1909096.00
2018,WASHINGTON,1741,10804357.00,1078929.00,11883286.00
2018,WATERBURY,47129,59282849.00,1255129.00,60537978.00
2018,WATERFORD,9691,34760957.00,2508215.00,37269172.00
2018,WATERTOWN,10624,37010425.00,3505832.00,40516257.00
2018,WESTBROOK,3333,13919372.00,1144581.00,15063953.00
2018,WEST HARTFORD,28817,201175757.00,17151448.00,218327205.00
2018,WEST HAVEN,24451,45721812.00,1040753.00,46762565.00
2018,WESTON,3956,56124126.00,4966866.00,61090992.00
2018,WESTPORT,11394,219768035.00,25247114.00,245015149.00
2018,WETHERSFIELD,13317,53782010.00,3190293.00,56972303.00
2018,WILLINGTON,2595,8474129.00,336509.00,8810638.00
2018,WILTON,7475,131148341.00,29358056.00,160506397.00
2018,WINCHESTER,4931,11304290.00,475112.00,11779402.00
2018,WINDHAM,9652,13627638.00,667745.00,14295383.00
2018,WINDSOR,15082,43647486.00,1447586.00,45095072.00
2018,WINDSOR LOCKS,6567,15614038.00,466966.00,16081004.00
2018,WOLCOTT,7873,26069751.00,1644631.00,27714382.00
2018,WOODBRIDGE,3999,41703310.00,4156867.00,45860177.00
2018,WOODBURY,4702,24096352.00,2052374.00,26148726.00
2018,WOODSTOCK,3666,11611118.00,793154.00,12404272.00
2019,ANDOVER,1588,6227845.00,391484.00,6619329.00
2019,ANSONIA,9128,17084466.00,200769.00,17285235.00
2019,ASHFORD,2069,5993138.00,298408.00,6291546.00
2019,AVON,8542,91742776.00,8781086.00,100523862.00
2019,BARKHAMSTED,1871,6792616.00,316634.00,7109250.00
2019,BEACON FALLS,2965,10233586.00,187746.00,10421332.00
2019,BERLIN,10291,46072567.00,3914513.00,49987080.00
2019,BETHANY,2482,15409348.00,1970387.00,17379735.00
2019,BETHEL,9211,31497711.00,1477763.00,32975474.00
2019,BETHLEHEM,1672,6189078.00,425897.00,6614975.00
2019,BLOOMFIELD,11504,38679923.00,2135174.00,40815097.00
2019,BOLTON,2374,11402900.00,1006019.00,12408919.00
2019,BOZRAH,1284,4050278.00,426770.00,4477048.00
2019,BRANFORD,14647,84342049.00,7187591.00,91529640.00
2019,BRIDGEPORT,61449,70599452.00,2432180.00,73031632.00
2019,BRIDGEWATER,802,5558749.00,1046545.00,6605294.00
2019,BRISTOL,29890,72149620.00,2879152.00,75028772.00
2019,BROOKFIELD,8289,38310469.00,3736002.00,42046471.00
2019,BROOKLYN,3673,9678290.00,263155.00,9941445.00
2019,BURLINGTON,4428,26924337.00,1616574.00,28540911.00
2019,CANAAN,1708,3938560.00,218527.00,4157087.00
2019,CANTERBURY,2433,6747600.00,466837.00,7214437.00
2019,CANTON,4738,30373907.00,2280085.00,32653992.00
2019,CHAPLIN,1056,2604697.00,87890.00,2692587.00
2019,CHESHIRE,12592,76000497.00,7346917.00,83347414.00
2019,CHESTER,1913,8780582.00,726990.00,9507572.00
2019,CLINTON,6457,25005195.00,1922367.00,26927562.00
2019,COLCHESTER,7783,29632916.00,1326594.00,30959510.00
2019,COLEBROOK,628,2300602.00,159440.00,2460042.00
2019,COLUMBIA,2606,10594114.00,580960.00,11175074.00
2019,CORNWALL,718,3069012.00,474968.00,3543980.00
2019,COVENTRY,5947,22917557.00,1304001.00,24221558.00
2019,CROMWELL,7217,34667763.00,4205005.00,38872768.00
2019,DANBURY,37525,81979433.00,4515781.00,86495214.00
2019,DARIEN,8298,199925659.00,9441255.00,209366914.00
2019,DEEP RIVER,2209,8929710.00,656975.00,9586685.00
2019,DERBY,6197,13315294.00,251300.00,13566594.00
2019,DURHAM,3426,22211611.00,3228418.00,25440029.00
2019,EASTFORD,679,2211418.00,231125.00,2442543.00
2019,EAST GRANBY,2486,11160607.00,897903.00,12058510.00
2019,EAST HADDAM,3945,16560961.00,1452544.00,18013505.00
2019,EAST HAMPTON,6152,25873366.00,1627612.00,27500978.00
2019,EAST HARTFORD,25509,41177100.00,545501.00,41722601.00
2019,EAST HAVEN,13956,34349666.00,2023057.00,36372723.00
2019,EAST LYME,8647,42655311.00,2297962.00,44953273.00
2019,EASTON,3195,31435661.00,5888673.00,37324334.00
2019,EAST WINDSOR,5639,15253590.00,935272.00,16188862.00
2019,ELLINGTON,7778,37779959.00,2330525.00,40110484.00
2019,ENFIELD,19964,45629432.00,1372677.00,47002109.00
2019,ESSEX,3346,27774210.00,3175655.00,30949865.00
2019,FAIRFIELD,24896,238049936.00,21315307.00,259365243.00
2019,FARMINGTON,12389,89424563.00,7596979.00,97021542.00
2019,FRANKLIN,930,3050975.00,155668.00,3206643.00
2019,GLASTONBURY,16425,136582824.00,13286579.00,149869403.00
2019,GOSHEN,1375,6746109.00,886012.00,7632121.00
2019,GRANBY,5189,30169490.00,2373275.00,32542765.00
2019,GREENWICH,26490,717923638.00,59859155.00,777782793.00
2019,GRISWOLD,5760,13038009.00,632792.00,13670801.00
2019,GROTON,11935,30510443.00,1669940.00,32180383.00
2019,GUILFORD,10185,78521077.00,7624782.00,86145859.00
2019,HADDAM,3934,19653245.00,2555836.00,22209081.00
2019,HAMDEN,26506,87471758.00,3159402.00,90631160.00
2019,HAMPTON,1108,3513542.00,194687.00,3708229.00
2019,HARTFORD,50656,63335037.00,1751701.00,65086738.00
2019,HARTLAND,830,3087042.00,176451.00,3263493.00
2019,HARWINTON,2616,11378956.00,1300480.00,12679436.00
2019,HEBRON,4403,22730550.00,1313608.00,24044158.00
2019,KENT,1233,5062397.00,496401.00,5558798.00
2019,KILLINGLY,8292,15381573.00,1262881.00,16644454.00
2019,KILLINGWORTH,2994,18299945.00,1320405.00,19620350.00
2019,LEBANON,3458,11390829.00,670479.00,12061308.00
2019,LEDYARD,6947,22261787.00,516197.00,22777984.00
2019,LISBON,1733,5305055.00,496186.00,5801241.00
2019,LITCHFIELD,3869,20968198.00,2165288.00,23133486.00
2019,LYME,921,10016393.00,1310206.00,11326599.00
2019,MADISON,8149,77417136.00,7900626.00,85317762.00
2019,MANCHESTER,29761,77236942.00,2659951.00,79896893.00
2019,MANSFIELD,5313,19721888.00,1294010.00,21015898.00
2019,MARLBOROUGH,2919,16691313.00,1034189.00,17725502.00
2019,MERIDEN,28818,56763835.00,1551610.00,58315445.00
2019,MIDDLEBURY,3599,27665421.00,5457562.00,33122983.00
2019,MIDDLEFIELD,2129,9565242.00,812193.00,10377435.00
2019,MIDDLETOWN,21885,64137829.00,2705409.00,66843238.00
2019,MILFORD,26605,128324088.00,7313869.00,135637957.00
2019,MONROE,8826,46499910.00,3131727.00,49631637.00
2019,MONTVILLE,8610,20763847.00,685956.00,21449803.00
2019,MORRIS,1063,4852828.00,790712.00,5643540.00
2019,NAUGATUCK,14937,33363716.00,973439.00,34337155.00
2019,NEW BRITAIN,33278,45196784.00,803398.00,46000182.00
2019,NEW CANAAN,7969,177036649.00,12895960.00,189932609.00
2019,NEW FAIRFIELD,6180,22144107.00,1124700.00,23268807.00
2019,NEW HARTFORD,3323,18466093.00,1060050.00,19526143.00
2019,NEW HAVEN,50173,101742594.00,3454621.00,105197215.00
2019,NEWINGTON,15873,48307709.00,1414635.00,49722344.00
2019,NEW LONDON,11585,16446442.00,412919.00,16859361.00
2019,NEW MILFORD,13191,44646327.00,4633579.00,49279906.00
2019,NEWTOWN,12104,76214884.00,5832532.00,82047416.00
2019,NORFOLK,746,3833169.00,277454.00,4110623.00
2019,NORTH BRANFORD,7029,27651186.00,1510663.00,29161849.00
2019,NORTH CANAAN,324,679223.00,125274.00,804497.00
2019,NORTH HAVEN,12191,54374702.00,4572576.00,58947278.00
2019,NORTH STONINGTON,2429,8254052.00,368487.00,8622539.00
2019,NORWALK,43113,162255864.00,8877409.00,171133273.00
2019,NORWICH,18755,30633746.00,909994.00,31543740.00
2019,OLD LYME,3797,25013267.00,2198942.00,27212209.00
2019,OLD SAYBROOK,5310,31128431.00,3727690.00,34856121.00
2019,ORANGE,6678,44822753.00,7498561.00,52321314.00
2019,OXFORD,6037,28201262.00,1891890.00,30093152.00
2019,PLAINFIELD,6726,12600806.00,429898.00,13030704.00
2019,PLAINVILLE,9215,24578668.00,1296898.00,25875566.00
2019,PLYMOUTH,5952,15054851.00,299055.00,15353906.00
2019,POMFRET,1875,6926904.00,537169.00,7464073.00
2019,PORTLAND,4591,20066259.00,1236892.00,21303151.00
2019,PRESTON,2251,6934994.00,361385.00,7296379.00
2019,PROSPECT,4626,18085451.00,710274.00,18795725.00
2019,PUTNAM,4287,6525428.00,395311.00,6920739.00
2019,REDDING,3934,37859507.00,2915605.00,40775112.00
2019,RIDGEFIELD,10321,129187097.00,5893891.00,135080988.00
2019,ROCKY HILL,9983,42170857.00,2926904.00,45097761.00
2019,ROXBURY,969,9315197.00,1837403.00,11152600.00
2019,SALEM,1996,8618285.00,343170.00,8961455.00
2019,SALISBURY,1630,8260027.00,420671.00,8680698.00
2019,SCOTLAND,333,826931.00,7548.00,834479.00
2019,SEYMOUR,8307,25633511.00,777811.00,26411322.00
2019,SHARON,998,9875654.00,267813.00,10143467.00
2019,SHELTON,20448,80958792.00,5095757.00,86054549.00
2019,SHERMAN,1619,7717149.00,471879.00,8189028.00
2019,SIMSBURY,11172,90304264.00,9260546.00,99564810.00
2019,SOMERS,4376,21586881.00,3426329.00,25013210.00
2019,SOUTHBURY,9203,45728618.00,3900438.00,49629056.00
2019,SOUTHINGTON,21215,88389974.00,6349234.00,94739208.00
2019,SOUTH WINDSOR,12416,61938629.00,3439766.00,65378395.00
2019,SPRAGUE,1508,3502280.00,152249.00,3654529.00
2019,STAFFORD,5430,14048507.00,536005.00,14584512.00
2019,STAMFORD,62198,317457478.00,21688316.00,339145794.00
2019,STERLING,1418,2742836.00,61688.00,2804524.00
2019,STONINGTON,12953,61894074.00,4278305.00,66172379.00
2019,STRATFORD,25999,70805432.00,3565862.00,74371294.00
2019,SUFFIELD,6588,37839166.00,4201679.00,42040845.00
2019,THOMASTON,3823,10906281.00,538977.00,11445258.00
2019,THOMPSON,4344,6484389.00,305008.00,6789397.00
2019,TOLLAND,6729,34938279.00,2786935.00,37725214.00
2019,TORRINGTON,16936,34496845.00,1611724.00,36108569.00
2019,TRUMBULL,16163,91050507.00,7516215.00,98566722.00
2019,UNION,300,1061718.00,175620.00,1237338.00
2019,VERNON,15308,41752016.00,1800440.00,43552456.00
2019,VOLUNTOWN,1274,3323094.00,73386.00,3396480.00
2019,WALLINGFORD,21935,79896338.00,5110783.00,85007121.00
2019,WARREN,437,1987021.00,480542.00,2467563.00
2019,WASHINGTON,1754,10957526.00,806423.00,11763949.00
2019,WATERBURY,48773,60233607.00,1325761.00,61559368.00
2019,WATERFORD,9852,38336628.00,4589939.00,42926567.00
2019,WATERTOWN,10719,37545504.00,3886033.00,41431537.00
2019,WESTBROOK,3382,13916593.00,1163673.00,15080266.00
2019,WEST HARTFORD,29070,201506238.00,20888844.00,222395082.00
2019,WEST HAVEN,24976,47409769.00,1274106.00,48683875.00
2019,WESTON,3940,59348267.00,5253393.00,64601660.00
2019,WESTPORT,11500,244572149.00,31809321.00,276381470.00
2019,WETHERSFIELD,13547,54924644.00,3232572.00,58157216.00
2019,WILLINGTON,2635,8368588.00,315698.00,8684286.00
2019,WILTON,7426,102019195.00,7053356.00,109072551.00
2019,WINCHESTER,5048,11834777.00,421045.00,12255822.00
2019,WINDHAM,9899,13924899.00,528421.00,14453320.00
2019,WINDSOR,15223,43516461.00,1804028.00,45320489.00
2019,WINDSOR LOCKS,6651,16774764.00,1600032.00,18374796.00
2019,WOLCOTT,7907,26039813.00,1316895.00,27356708.00
2019,WOODBRIDGE,3929,42305347.00,4596920.00,46902267.00
2019,WOODBURY,4715,23329309.00,2712188.00,26041497.00
2019,WOODSTOCK,3720,12142100.00,1053140.00,13195240.00
2020,ANDOVER,1601,6563079.00,395111.00,6958190.00
2020,ANSONIA,9387,17698898.00,151805.00,17850703.00
2020,ASHFORD,2090,6026132.00,203894.00,6230026.00
2020,AVON,8632,93375941.00,10691553.00,104067494.00
2020,BARKHAMSTED,1891,6827686.00,497955.00,7325641.00
2020,BEACON FALLS,3040,10585622.00,197572.00,10783194.00
2020,BERLIN,10385,44185440.00,3269313.00,47454753.00
2020,BETHANY,2488,16381876.00,1872631.00,18254507.00
2020,BETHEL,9336,32142464.00,1519498.00,33661962.00
2020,BETHLEHEM,1671,6596109.00,623426.00,7219535.00
2020,BLOOMFIELD,11810,38446794.00,2836007.00,41282801.00
2020,BOLTON,2427,13027071.00,793452.00,13820523.00
2020,BOZRAH,1321,3982194.00,440700.00,4422894.00
2020,BRANFORD,14768,70991728.00,6244004.00,77235732.00
2020,BRIDGEPORT,63992,73886961.00,1877740.00,75764701.00
2020,BRIDGEWATER,796,5579563.00,1261913.00,6841476.00
2020,BRISTOL,30707,74575614.00,3234163.00,77809777.00
2020,BROOKFIELD,8362,40355297.00,3501725.00,43857022.00
2020,BROOKLYN,3709,9213837.00,279958.00,9493795.00
2020,BURLINGTON,4521,28043477.00,1962520.00,30005997.00
2020,CANAAN,1744,4133473.00,171783.00,4305256.00
2020,CANTERBURY,2455,6796885.00,350624.00,7147509.00
2020,CANTON,4825,29833766.00,2245944.00,32079710.00
2020,CHAPLIN,1060,2697581.00,162563.00,2860144.00
2020,CHESHIRE,12892,78670330.00,6586379.00,85256709.00
2020,CHESTER,1896,9193470.00,672750.00,9866220.00
2020,CLINTON,6635,25383696.00,1815972.00,27199668.00
2020,COLCHESTER,7874,30465593.00,1327206.00,31792799.00
2020,COLEBROOK,633,2068189.00,87101.00,2155290.00
2020,COLUMBIA,2670,10626870.00,513172.00,11140042.00
2020,CORNWALL,728,3223802.00,502096.00,3725898.00
2020,COVENTRY,6058,22957914.00,1319951.00,24277865.00
2020,CROMWELL,7307,34893860.00,4126151.00,39020011.00
2020,DANBURY,38415,85979786.00,4394605.00,90374391.00
2020,DARIEN,8228,231647771.00,54095987.00,285743758.00
2020,DEEP RIVER,2265,9601676.00,654162.00,10255838.00
2020,DERBY,6357,13489424.00,150293.00,13639717.00
2020,DURHAM,3498,21639209.00,2965999.00,24605208.00
2020,EAST GRANBY,2486,10994803.00,800710.00,11795513.00
2020,EAST HADDAM,3991,16520564.00,1252964.00,17773528.00
2020,EAST HAMPTON,6305,27305167.00,1956791.00,29261958.00
2020,EAST HARTFORD,26162,41851022.00,509594.00,42360616.00
2020,EAST HAVEN,14326,56424527.00,1258628.00,57683155.00
2020,EAST LYME,8857,41666545.00,2279011.00,43945556.00
2020,EAST WINDSOR,5671,15519215.00,953177.00,16472392.00
2020,EASTFORD,694,2111987.00,190557.00,2302544.00
2020,EASTON,3176,30662211.00,4115460.00,34777671.00
2020,ELLINGTON,7962,37724166.00,2616624.00,40340790.00
2020,ENFIELD,20218,45583862.00,1203290.00,46787152.00
2020,ESSEX,3387,24329008.00,2454837.00,26783845.00
2020,FAIRFIELD,25076,234741830.00,20727953.00,255469783.00
2020,FARMINGTON,12484,87181208.00,7436068.00,94617276.00
2020,FRANKLIN,951,3810637.00,947829.00,4758466.00
2020,GLASTONBURY,16479,138086777.00,15402211.00,153488988.00
2020,GOSHEN,1360,8369626.00,1019300.00,9388926.00
2020,GRANBY,5280,31598748.00,1850716.00,33449464.00
2020,GREENWICH,26204,839318442.00,77054453.00,916372895.00
2020,GRISWOLD,5837,13800506.00,802310.00,14602816.00
2020,GROTON,12128,30581578.00,1349386.00,31930964.00
2020,GUILFORD,10277,77775267.00,8197109.00,85972376.00
2020,HADDAM,3977,20638428.00,2111671.00,22750099.00
2020,HAMDEN,27190,88788124.00,3320021.00,92108145.00
2020,HAMPTON,1124,3296924.00,109352.00,3406276.00
2020,HARTFORD,52746,64768019.00,1791496.00,66559515.00
2020,HARTLAND,847,3047296.00,192683.00,3239979.00
2020,HARWINTON,2609,11347844.00,982680.00,12330524.00
2020,HEBRON,4503,22733104.00,1071400.00,23804504.00
2020,KENT,1248,5142882.00,390481.00,5533363.00
2020,KILLINGLY,8377,16313310.00,1486891.00,17800201.00
2020,KILLINGWORTH,2994,16918597.00,1137269.00,18055866.00
2020,LEBANON,3453,11862172.00,955879.00,12818051.00
2020,LEDYARD,7004,22097767.00,418809.00,22516576.00
2020,LISBON,1732,5396159.00,466766.00,5862925.00
2020,LITCHFIELD,3898,23471423.00,3516907.00,26988330.00
2020,LYME,931,17037418.00,6736519.00,23773937.00
2020,MADISON,8286,74100743.00,7706966.00,81807709.00
2020,MANCHESTER,30249,78930216.00,2897378.00,81827594.00
2020,MANSFIELD,5333,20557808.00,1283551.00,21841359.00
2020,MARLBOROUGH,2926,16883161.00,884758.00,17767919.00
2020,MERIDEN,29713,58455659.00,1585713.00,60041372.00
2020,MIDDLEBURY,3691,26364319.00,4463144.00,30827463.00
2020,MIDDLEFIELD,2180,11530664.00,2096784.00,13627448.00
2020,MIDDLETOWN,22343,66124649.00,2370078.00,68494727.00
2020,MILFORD,27024,121652805.00,7334424.00,128987229.00
2020,MONROE,8896,47484427.00,2512712.00,49997139.00
2020,MONTVILLE,8592,20774793.00,453780.00,21228573.00
2020,MORRIS,1058,4777537.00,752299.00,5529836.00
2020,NAUGATUCK,15277,34238404.00,925238.00,35163642.00
2020,NEW BRITAIN,34712,47789292.00,938835.00,48728127.00
2020,NEW CANAAN,7966,216266093.00,13790307.00,230056400.00
2020,NEW FAIRFIELD,6256,22063153.00,1335907.00,23399060.00
2020,NEW HARTFORD,3357,16311035.00,1902957.00,18213992.00
2020,NEW HAVEN,52217,112328387.00,3452329.00,115780716.00
2020,NEW LONDON,11748,17444353.00,336925.00,17781278.00
2020,NEW MILFORD,13365,43145955.00,2626875.00,45772830.00
2020,NEWINGTON,15909,50033920.00,1886927.00,51920847.00
2020,NEWTOWN,12217,79675114.00,6538912.00,86214026.00
2020,NORFOLK,730,3256717.00,354944.00,3611661.00
2020,NORTH BRANFORD,7094,27460933.00,1297085.00,28758018.00
2020,NORTH CANAAN,313,836143.00,160660.00,996803.00
2020,NORTH HAVEN,12391,58108931.00,5338869.00,63447800.00
2020,NORTH STONINGTON,2428,8318758.00,423750.00,8742508.00
2020,NORWALK,43765,171031042.00,9422925.00,180453967.00
2020,NORWICH,18946,30693275.00,745309.00,31438584.00
2020,OLD LYME,3902,26268825.00,2159737.00,28428562.00
2020,OLD SAYBROOK,5376,30630446.00,3644684.00,34275130.00
2020,ORANGE,6806,44094698.00,4683861.00,48778559.00
2020,OXFORD,6268,29847265.00,2340226.00,32187491.00
2020,PLAINFIELD,6842,12418442.00,189209.00,12607651.00
2020,PLAINVILLE,9322,25080165.00,1411631.00,26491796.00
2020,PLYMOUTH,6055,15459568.00,283108.00,15742676.00
2020,POMFRET,1916,7416372.00,565197.00,7981569.00
2020,PORTLAND,4622,19362225.00,1093762.00,20455987.00
2020,PRESTON,2265,7063856.00,372206.00,7436062.00
2020,PROSPECT,4717,18077007.00,655955.00,18732962.00
2020,PUTNAM,4306,6653807.00,428877.00,7082684.00
2020,REDDING,3937,35293834.00,2790462.00,38084296.00
2020,RIDGEFIELD,10226,123767880.00,6416615.00,130184495.00
2020,ROCKY HILL,10163,44982717.00,2852658.00,47835375.00
2020,ROXBURY,994,7648639.00,653521.00,8302160.00
2020,SALEM,1974,8656751.00,466297.00,9123048.00
2020,SALISBURY,1617,10660684.00,432473.00,11093157.00
2020,SCOTLAND,325,828121.00,10429.00,838550.00
2020,SEYMOUR,8371,25477816.00,750165.00,26227981.00
2020,SHARON,987,10305109.00,298003.00,10603112.00
2020,SHELTON,20885,86206188.00,4363925.00,90570113.00
2020,SHERMAN,1613,7266375.00,694574.00,7960949.00
2020,SIMSBURY,11420,97587849.00,8779752.00,106367601.00
2020,SOMERS,4432,23086071.00,4813439.00,27899510.00
2020,SOUTH WINDSOR,12744,63990872.00,3742130.00,67733002.00
2020,SOUTHBURY,9348,49556797.00,3378438.00,52935235.00
2020,SOUTHINGTON,21589,90357895.00,6669553.00,97027448.00
2020,SPRAGUE,1504,3569373.00,134971.00,3704344.00
2020,STAFFORD,5410,14200396.00,550332.00,14750728.00
2020,STAMFORD,62519,342488669.00,63637964.00,406126633.00
2020,STERLING,1511,2942383.00,93294.00,3035677.00
2020,STONINGTON,13149,61729295.00,3982336.00,65711631.00
2020,STRATFORD,26596,71358829.00,3180240.00,74539069.00
2020,SUFFIELD,6704,37283290.00,3448831.00,40732121.00
2020,THOMASTON,3886,11183096.00,498747.00,11681843.00
2020,THOMPSON,4315,6518452.00,244568.00,6763020.00
2020,TOLLAND,6814,36358137.00,2844636.00,39202773.00
2020,TORRINGTON,17176,33912465.00,1066604.00,34979069.00
2020,TRUMBULL,16600,91326945.00,6863950.00,98190895.00
2020,UNION,302,1087803.00,143034.00,1230837.00
2020,VERNON,15534,42888045.00,2024806.00,44912851.00
2020,VOLUNTOWN,1270,3400840.00,106864.00,3507704.00
2020,WALLINGFORD,22354,82370627.00,5919961.00,88290588.00
2020,WARREN,430,1920842.00,494705.00,2415547.00
2020,WASHINGTON,1767,15521737.00,968996.00,16490733.00
2020,WATERBURY,50806,65549229.00,1279283.00,66828512.00
2020,WATERFORD,9987,37161773.00,2770318.00,39932091.00
2020,WATERTOWN,10959,37334830.00,3201040.00,40535870.00
2020,WEST HARTFORD,29401,202290320.00,21749315.00,224039635.00
2020,WEST HAVEN,25721,48950678.00,1175282.00,50125960.00
2020,WESTBROOK,3305,13619550.00,1193367.00,14812917.00
2020,WESTON,3863,59025824.00,6082327.00,65108151.00
2020,WESTPORT,11348,237344693.00,27368793.00,264713486.00
2020,WETHERSFIELD,13923,56867289.00,3120527.00,59987816.00
2020,WILLINGTON,2652,8300403.00,482249.00,8782652.00
2020,WILTON,7342,106871038.00,8559492.00,115430530.00
2020,WINCHESTER,5073,11034934.00,428727.00,11463661.00
2020,WINDHAM,10080,14771889.00,833548.00,15605437.00
2020,WINDSOR,15613,44477104.00,1563974.00,46041078.00
2020,WINDSOR LOCKS,6728,15649374.00,516432.00,16165806.00
2020,WOLCOTT,7975,26987083.00,1381013.00,28368096.00
2020,WOODBRIDGE,3970,43576379.00,4095515.00,47671894.00
2020,WOODBURY,4737,24738547.00,2258314.00,26996861.00
2020,WOODSTOCK,3857,13464712.00,1139392.00,14604104.00
